message,output,flag,username,timestamp
AI,"'

AI stands for artificial intelligence, which is the simulation of human intelligence processes by machines, especially computer systems. This means that computers and machines are programmed to perform tasks that typically require human intelligence, such as problem-solving, learning, and decision-making.

AI is a rapidly advancing field, with the potential to revolutionize many aspects of our lives. It is used in various industries, including healthcare, finance, transportation, and communication. AI algorithms can analyze large amounts of data and make predictions or decisions based on this data, often with a high degree of accuracy and efficiency.

There are many types of AI, including machine learning, natural language processing, and robotics. Machine learning is a subset of AI that allows computers to learn and improve from experience without being explicitly programmed. Natural language processing involves teaching computers to understand and communicate in human language, while robotics involves creating physical machines that can perform tasks autonomously.

Overall, AI has the potential to improve our quality of life by automating routine tasks, increasing efficiency, and providing solutions to complex problems. However, there are also concerns about the ethical implications of AI and the potential impact on the job market. It is important to continue researching and developing AI responsibly to ensure its benefits are maximized and its potential risks are mitigated.",,,2024-04-08 16:28:35.989386
